-- =============================================
-- HR ERP 더미 데이터 (테스트용)
-- 스키마 v4_fixed 기준
-- 모든 테이블 · 모든 시나리오 커버
-- =============================================

USE hr_erp;

-- =============================================
-- 1. 직원 (employee) — 15명
--    다양한 상태: 재직 12명, 휴직 2명, 퇴직 1명
--    다양한 직급/부서/고용형태 포함
-- =============================================
INSERT INTO employee
    (emp_id, emp_name, emp_no, dept_id, position_id, hire_date, resign_date,
     emp_type, status, base_salary, birth_date, gender, address,
     emergency_contact, bank_account, email, phone)
VALUES
-- ── 경영진 ──
(1,  '김대표', 'EMP001', 1, 5, '2015-03-02', NULL,
 '정규직', '재직', 5500000, '1970-05-15', 'M', '서울시 강남구 테헤란로 100',
 '010-1111-0001', '110-123-456789', 'ceo@example.com', '010-1000-0001'),

-- ── 개발본부 ──
(2,  '박본부장', 'EMP002', 2, 5, '2016-07-01', NULL,
 '정규직', '재직', 5300000, '1972-11-20', 'M', '서울시 서초구 반포대로 50',
 '010-1111-0002', '110-234-567890', 'dev.head@example.com', '010-1000-0002'),

(3,  '이과장',  'EMP003', 4, 3, '2018-01-15', NULL,
 '정규직', '재직', 4000000, '1985-03-10', 'M', '서울시 마포구 월드컵로 200',
 '010-1111-0003', '110-345-678901', 'lee.kj@example.com', '010-1000-0003'),

(4,  '최대리',  'EMP004', 4, 2, '2020-03-02', NULL,
 '정규직', '재직', 3400000, '1990-08-25', 'F', '서울시 영등포구 여의대로 10',
 '010-1111-0004', '110-456-789012', 'choi.dr@example.com', '010-1000-0004'),

(5,  '정사원',  'EMP005', 4, 1, '2023-01-02', NULL,
 '정규직', '재직', 2900000, '1997-12-01', 'M', '경기도 성남시 분당구 판교로 100',
 '010-1111-0005', '110-567-890123', 'jung.sw@example.com', '010-1000-0005'),

(6,  '한사원',  'EMP006', 5, 1, '2023-06-01', NULL,
 '계약직', '재직', 2800000, '1998-04-15', 'F', '서울시 송파구 올림픽로 300',
 '010-1111-0006', '110-678-901234', 'han.sw@example.com', '010-1000-0006'),

(7,  '강차장',  'EMP007', 5, 4, '2017-09-01', NULL,
 '정규직', '재직', 4600000, '1980-01-30', 'M', '서울시 강동구 천호대로 50',
 '010-1111-0007', '110-789-012345', 'kang.cj@example.com', '010-1000-0007'),

-- ── 경영지원본부 ──
(8,  '윤본부장', 'EMP008', 3, 5, '2016-03-01', NULL,
 '정규직', '재직', 5400000, '1971-07-07', 'F', '서울시 종로구 세종대로 200',
 '010-1111-0008', '110-890-123456', 'yoon.head@example.com', '010-1000-0008'),

(9,  '서과장',  'EMP009', 6, 3, '2019-04-01', NULL,
 '정규직', '재직', 3950000, '1984-09-12', 'F', '서울시 용산구 한강대로 100',
 '010-1111-0009', '110-901-234567', 'seo.kj@example.com', '010-1000-0009'),

(10, '임대리',  'EMP010', 6, 2, '2021-01-04', NULL,
 '정규직', '재직', 3350000, '1991-06-20', 'M', '경기도 고양시 일산서구 중앙로 50',
 '010-1111-0010', '110-012-345678', 'lim.dr@example.com', '010-1000-0010'),

(11, '조사원',  'EMP011', 7, 1, '2024-03-04', NULL,
 '정규직', '재직', 2850000, '1999-02-28', 'F', '서울시 관악구 관악로 10',
 '010-1111-0011', '110-111-222333', 'cho.sw@example.com', '010-1000-0011'),

-- ── 영업팀 ──
(12, '오차장',  'EMP012', 8, 4, '2017-05-01', NULL,
 '정규직', '재직', 4700000, '1979-10-10', 'M', '서울시 중구 을지로 100',
 '010-1111-0012', '110-222-333444', 'oh.cj@example.com', '010-1000-0012'),

(13, '배사원',  'EMP013', 8, 1, '2024-09-01', NULL,
 '파트타임', '재직', 2000000, '2000-07-07', 'M', '인천시 남동구 인주대로 200',
 '010-1111-0013', '110-333-444555', 'bae.sw@example.com', '010-1000-0013'),

-- ── 특수 상태 ──
-- 휴직자 (육아휴직)
(14, '문대리',  'EMP014', 4, 2, '2020-08-01', NULL,
 '정규직', '휴직', 3400000, '1992-03-18', 'F', '서울시 강서구 공항대로 500',
 '010-1111-0014', '110-444-555666', 'moon.dr@example.com', '010-1000-0014'),

-- 퇴직자
(15, '권사원',  'EMP015', 5, 1, '2022-01-03', '2025-02-28',
 '정규직', '퇴직', 2900000, '1996-11-11', 'M', '경기도 수원시 팔달구 중부대로 100',
 '010-1111-0015', '110-555-666777', 'kwon.sw@example.com', '010-1000-0015');


-- =============================================
-- 부서장 설정 (employee 등록 후)
-- =============================================
UPDATE department SET manager_id = 1  WHERE dept_id = 1;  -- (주)예시회사 → 김대표
UPDATE department SET manager_id = 2  WHERE dept_id = 2;  -- 개발본부 → 박본부장
UPDATE department SET manager_id = 8  WHERE dept_id = 3;  -- 경영지원본부 → 윤본부장
UPDATE department SET manager_id = 3  WHERE dept_id = 4;  -- 개발1팀 → 이과장
UPDATE department SET manager_id = 7  WHERE dept_id = 5;  -- 개발2팀 → 강차장
UPDATE department SET manager_id = 9  WHERE dept_id = 6;  -- 인사팀 → 서과장
UPDATE department SET manager_id = 11 WHERE dept_id = 7;  -- 재무팀 → 조사원 (임시)
UPDATE department SET manager_id = 12 WHERE dept_id = 8;  -- 영업팀 → 오차장


-- =============================================
-- 2. 계정 (account) — 15명 전원
--    비밀번호: BCrypt('password123')
--    역할: 관리자 1, HR담당자 2, 최종승인자 1, 일반 11
--    계정잠금 1건, 비활성(퇴직) 1건
-- =============================================
INSERT INTO account
    (emp_id, username, password_hash, role, last_login, is_active, login_attempts, password_changed_at, locked_at)
VALUES
(1,  'ceo',       '$2a$10$abcdefghijklmnopqrstuuAbCdEfGhIjKlMnOpQrStUvWxYz012345', '최종승인자', '2025-04-08 09:00:00', 1, 0, '2025-01-10 10:00:00', NULL),
(2,  'dev.head',  '$2a$10$abcdefghijklmnopqrstuuAbCdEfGhIjKlMnOpQrStUvWxYz012345', '관리자',     '2025-04-08 08:55:00', 1, 0, '2025-02-01 14:00:00', NULL),
(3,  'lee.kj',    '$2a$10$abcdefghijklmnopqrstuuAbCdEfGhIjKlMnOpQrStUvWxYz012345', '일반',       '2025-04-08 08:50:00', 1, 0, '2024-12-15 09:00:00', NULL),
(4,  'choi.dr',   '$2a$10$abcdefghijklmnopqrstuuAbCdEfGhIjKlMnOpQrStUvWxYz012345', '일반',       '2025-04-07 18:00:00', 1, 0, NULL, NULL),
(5,  'jung.sw',   '$2a$10$abcdefghijklmnopqrstuuAbCdEfGhIjKlMnOpQrStUvWxYz012345', '일반',       '2025-04-08 09:05:00', 1, 0, NULL, NULL),
(6,  'han.sw',    '$2a$10$abcdefghijklmnopqrstuuAbCdEfGhIjKlMnOpQrStUvWxYz012345', '일반',       '2025-04-07 17:30:00', 1, 0, NULL, NULL),
(7,  'kang.cj',   '$2a$10$abcdefghijklmnopqrstuuAbCdEfGhIjKlMnOpQrStUvWxYz012345', '일반',       '2025-04-08 08:45:00', 1, 0, NULL, NULL),
(8,  'yoon.head', '$2a$10$abcdefghijklmnopqrstuuAbCdEfGhIjKlMnOpQrStUvWxYz012345', '관리자',     '2025-04-08 09:10:00', 1, 0, '2025-03-01 11:00:00', NULL),
(9,  'seo.kj',    '$2a$10$abcdefghijklmnopqrstuuAbCdEfGhIjKlMnOpQrStUvWxYz012345', 'HR담당자',   '2025-04-08 09:02:00', 1, 0, '2025-01-20 15:00:00', NULL),
(10, 'lim.dr',    '$2a$10$abcdefghijklmnopqrstuuAbCdEfGhIjKlMnOpQrStUvWxYz012345', 'HR담당자',   '2025-04-08 08:58:00', 1, 0, NULL, NULL),
(11, 'cho.sw',    '$2a$10$abcdefghijklmnopqrstuuAbCdEfGhIjKlMnOpQrStUvWxYz012345', '일반',       '2025-04-07 09:00:00', 1, 0, NULL, NULL),
(12, 'oh.cj',     '$2a$10$abcdefghijklmnopqrstuuAbCdEfGhIjKlMnOpQrStUvWxYz012345', '일반',       '2025-04-08 08:40:00', 1, 0, NULL, NULL),
-- 계정 잠금된 케이스 (로그인 5회 실패)
(13, 'bae.sw',    '$2a$10$abcdefghijklmnopqrstuuAbCdEfGhIjKlMnOpQrStUvWxYz012345', '일반',       '2025-03-20 10:00:00', 1, 5, NULL, '2025-04-01 11:30:00'),
(14, 'moon.dr',   '$2a$10$abcdefghijklmnopqrstuuAbCdEfGhIjKlMnOpQrStUvWxYz012345', '일반',       '2025-01-15 09:00:00', 1, 0, NULL, NULL),
-- 퇴직자 계정 비활성
(15, 'kwon.sw',   '$2a$10$abcdefghijklmnopqrstuuAbCdEfGhIjKlMnOpQrStUvWxYz012345', '일반',       '2025-02-28 17:00:00', 0, 0, NULL, NULL);


-- =============================================
-- 3. 인사발령 이력 (personnel_history)
--    입사, 승진, 전보, 휴직, 퇴직 등 다양한 케이스
-- =============================================
INSERT INTO personnel_history
    (emp_id, change_type, from_dept_id, to_dept_id, from_position_id, to_position_id,
     from_role, to_role, change_date, reason, approved_by, is_applied)
VALUES
-- 입사 기록
(1,  '입사', NULL, 1, NULL, 5, NULL, '대표이사',  '2015-03-02 09:00:00', '창립 멤버',        NULL, 1),
(2,  '입사', NULL, 2, NULL, 3, NULL, '개발팀장',  '2016-07-01 09:00:00', '경력 채용',        1,    1),
(3,  '입사', NULL, 4, NULL, 2, NULL, NULL,        '2018-01-15 09:00:00', '신입 채용',        1,    1),
(5,  '입사', NULL, 4, NULL, 1, NULL, NULL,        '2023-01-02 09:00:00', '신입 채용',        9,    1),
(6,  '입사', NULL, 5, NULL, 1, NULL, NULL,        '2023-06-01 09:00:00', '계약직 채용',      9,    1),
(13, '입사', NULL, 8, NULL, 1, NULL, NULL,        '2024-09-01 09:00:00', '파트타임 채용',    9,    1),

-- 승진
(2,  '승진', 2, 2, 3, 5, '개발팀장', '개발본부장', '2020-01-01 09:00:00', '경영진 승진',     1,    1),
(3,  '승진', 4, 4, 2, 3, NULL, '개발1팀장',       '2022-01-01 09:00:00', '팀장 승진',       2,    1),
(7,  '승진', 5, 5, 3, 4, NULL, '개발2팀장',       '2023-07-01 09:00:00', '차장 승진',       2,    1),

-- 전보 (부서 이동)
(4,  '전보', 5, 4, 2, 2, NULL, NULL, '2022-06-01 09:00:00', '개발2팀→개발1팀 전보', 2, 1),

-- 휴직
(14, '휴직', 4, 4, 2, 2, NULL, NULL, '2025-01-02 09:00:00', '육아휴직 (1년)', 9, 1),

-- 퇴직
(15, '퇴직', 5, NULL, 1, NULL, NULL, NULL, '2025-02-28 18:00:00', '개인 사유 자발적 퇴사', 9, 1),

-- 미래 발령 (미처리)
(5,  '승진', 4, 4, 1, 2, NULL, NULL, '2025-07-01 09:00:00', '대리 승진 예정', 3, 0);


-- =============================================
-- 4. 연차 현황 (annual_leave) — 2025년
-- =============================================
INSERT INTO annual_leave (emp_id, leave_year, total_days, used_days, remain_days)
VALUES
(1,  2025, 20.0,  2.0, 18.0),
(2,  2025, 20.0,  3.0, 17.0),
(3,  2025, 17.0,  5.0, 12.0),
(4,  2025, 15.0,  4.5, 10.5),
(5,  2025, 11.0,  2.0,  9.0),
(6,  2025, 11.0,  1.0, 10.0),
(7,  2025, 18.0,  6.0, 12.0),
(8,  2025, 20.0,  1.0, 19.0),
(9,  2025, 16.0,  3.5, 12.5),
(10, 2025, 15.0,  2.0, 13.0),
(11, 2025, 11.0,  0.5, 10.5),
(12, 2025, 18.0,  7.0, 11.0),
(13, 2025,  5.0,  0.0,  5.0),  -- 파트타임
(14, 2025, 15.0,  0.0, 15.0),  -- 휴직 중 (사용 못함)
(15, 2025, 11.0,  3.0,  8.0);  -- 퇴직자 (퇴직 전 사용분)


-- =============================================
-- 5. 휴가 신청 (leave_request)
--    상태별: 대기 2, 승인 6, 반려 1, 취소 1
--    유형별: 연차, 반차(오전/오후), 병가, 경조사, 공가
-- =============================================
INSERT INTO leave_request
    (emp_id, leave_type, half_type, start_date, end_date, days, reason, status, approver_id, approved_at, reject_reason)
VALUES
-- 승인된 휴가
(3,  '연차', NULL,   '2025-02-10', '2025-02-11', 2.0, '개인 사유',             '승인', 2, '2025-02-07 10:00:00', NULL),
(3,  '연차', NULL,   '2025-03-14', '2025-03-14', 1.0, '병원 예약',             '승인', 2, '2025-03-12 14:00:00', NULL),
(4,  '반차', '오전', '2025-03-20', '2025-03-20', 0.5, '관공서 방문',           '승인', 3, '2025-03-18 09:30:00', NULL),
(7,  '연차', NULL,   '2025-01-20', '2025-01-24', 5.0, '해외 여행',             '승인', 2, '2025-01-15 11:00:00', NULL),
(9,  '경조사', NULL, '2025-03-03', '2025-03-05', 3.0, '부친상',               '승인', 8, '2025-03-03 08:00:00', NULL),
(12, '연차', NULL,   '2025-02-03', '2025-02-07', 5.0, '가족 여행',             '승인', 8, '2025-01-28 16:00:00', NULL),

-- 반려된 휴가
(5,  '연차', NULL,   '2025-04-07', '2025-04-11', 5.0, '개인 여행',             '반려', 3, '2025-04-03 15:00:00', '프로젝트 마감 기간 — 일정 조율 필요'),

-- 대기 중인 휴가
(4,  '반차', '오후', '2025-04-15', '2025-04-15', 0.5, '치과 예약',             '대기', NULL, NULL, NULL),
(11, '연차', NULL,   '2025-04-21', '2025-04-21', 1.0, '이사',                 '대기', NULL, NULL, NULL),

-- 취소된 휴가
(6,  '병가', NULL,   '2025-03-10', '2025-03-11', 2.0, '감기 몸살',             '취소', NULL, NULL, NULL);


-- =============================================
-- 6. 초과근무 신청 (overtime_request)
--    상태별: 대기 1, 승인 4, 반려 1
-- =============================================
INSERT INTO overtime_request
    (emp_id, ot_date, start_time, end_time, ot_hours, reason, status, approver_id, approved_at, reject_reason)
VALUES
(5,  '2025-03-10', '18:00:00', '21:00:00', 3.00, '긴급 버그 수정',       '승인', 3, '2025-03-10 17:30:00', NULL),
(4,  '2025-03-15', '18:00:00', '22:00:00', 4.00, '릴리즈 준비',         '승인', 3, '2025-03-14 16:00:00', NULL),
(3,  '2025-03-20', '18:00:00', '20:00:00', 2.00, '코드 리뷰 마감',       '승인', 2, '2025-03-19 18:00:00', NULL),
(7,  '2025-04-01', '18:00:00', '21:30:00', 3.50, '서버 마이그레이션',    '승인', 2, '2025-03-31 10:00:00', NULL),
(6,  '2025-04-05', '18:00:00', '20:00:00', 2.00, 'QA 테스트',            '반려', 7, '2025-04-04 17:00:00', '일반 업무 범위 내'),
(5,  '2025-04-10', '18:00:00', '21:00:00', 3.00, 'API 개발 마감',        '대기', NULL, NULL, NULL);


-- =============================================
-- 7. 출퇴근 기록 (attendance)
--    2025년 4월 1일 ~ 8일 (월~화, 주말 제외)
--    정상출근, 지각, 결근, 휴가, 출장 포함
-- =============================================
INSERT INTO attendance
    (emp_id, work_date, check_in, check_out, work_hours, overtime_hours, status, note)
VALUES
-- ── 4/1 (화) ──
(1,  '2025-04-01', '08:50:00', '18:05:00', 8.00, 0.00, '출근', NULL),
(2,  '2025-04-01', '08:45:00', '18:10:00', 8.00, 0.00, '출근', NULL),
(3,  '2025-04-01', '08:55:00', '18:00:00', 8.00, 0.00, '출근', NULL),
(4,  '2025-04-01', '09:10:00', '18:30:00', 8.00, 0.00, '지각', '교통 체증'),
(5,  '2025-04-01', '08:58:00', '18:00:00', 8.00, 0.00, '출근', NULL),
(6,  '2025-04-01', '09:00:00', '18:00:00', 8.00, 0.00, '출근', NULL),
(7,  '2025-04-01', '08:30:00', '21:30:00', 8.00, 3.50, '출근', '서버 마이그레이션 초과근무'),
(8,  '2025-04-01', '08:55:00', '18:00:00', 8.00, 0.00, '출근', NULL),
(9,  '2025-04-01', '09:00:00', '18:05:00', 8.00, 0.00, '출근', NULL),
(10, '2025-04-01', '08:50:00', '18:00:00', 8.00, 0.00, '출근', NULL),
(11, '2025-04-01', '09:05:00', '18:00:00', 8.00, 0.00, '지각', NULL),
(12, '2025-04-01', NULL,       NULL,       0.00, 0.00, '출장', '부산 거래처 미팅'),
(13, '2025-04-01', '13:00:00', '18:00:00', 5.00, 0.00, '출근', '파트타임'),

-- ── 4/2 (수) ──
(1,  '2025-04-02', '08:50:00', '18:00:00', 8.00, 0.00, '출근', NULL),
(2,  '2025-04-02', '08:40:00', '18:00:00', 8.00, 0.00, '출근', NULL),
(3,  '2025-04-02', '08:55:00', '18:05:00', 8.00, 0.00, '출근', NULL),
(4,  '2025-04-02', '08:58:00', '18:00:00', 8.00, 0.00, '출근', NULL),
(5,  '2025-04-02', NULL,       NULL,       0.00, 0.00, '결근', '무단 결근'),
(6,  '2025-04-02', '09:00:00', '18:00:00', 8.00, 0.00, '출근', NULL),
(7,  '2025-04-02', '08:45:00', '18:00:00', 8.00, 0.00, '출근', NULL),
(8,  '2025-04-02', '08:50:00', '18:00:00', 8.00, 0.00, '출근', NULL),
(9,  '2025-04-02', '09:00:00', '18:00:00', 8.00, 0.00, '출근', NULL),
(10, '2025-04-02', '08:55:00', '18:00:00', 8.00, 0.00, '출근', NULL),
(11, '2025-04-02', '09:00:00', '18:00:00', 8.00, 0.00, '출근', NULL),
(12, '2025-04-02', NULL,       NULL,       0.00, 0.00, '출장', '부산 거래처 2일차'),
(13, '2025-04-02', '13:00:00', '18:00:00', 5.00, 0.00, '출근', '파트타임'),

-- ── 4/3 (목) ──
(1,  '2025-04-03', '08:50:00', '18:00:00', 8.00, 0.00, '출근', NULL),
(2,  '2025-04-03', '08:45:00', '18:00:00', 8.00, 0.00, '출근', NULL),
(3,  '2025-04-03', '08:55:00', '18:00:00', 8.00, 0.00, '출근', NULL),
(4,  '2025-04-03', '09:00:00', '18:00:00', 8.00, 0.00, '출근', NULL),
(5,  '2025-04-03', '08:50:00', '18:00:00', 8.00, 0.00, '출근', NULL),
(6,  '2025-04-03', '09:00:00', '18:00:00', 8.00, 0.00, '출근', NULL),
(7,  '2025-04-03', '08:30:00', '18:00:00', 8.00, 0.00, '출근', NULL),
(8,  '2025-04-03', '08:55:00', '18:00:00', 8.00, 0.00, '출근', NULL),
(9,  '2025-04-03', NULL,       NULL,       0.00, 0.00, '휴가', '경조사 휴가'),
(10, '2025-04-03', '09:00:00', '18:00:00', 8.00, 0.00, '출근', NULL),
(11, '2025-04-03', '08:50:00', '18:00:00', 8.00, 0.00, '출근', NULL),
(12, '2025-04-03', '08:40:00', '18:00:00', 8.00, 0.00, '출근', NULL),
(13, '2025-04-03', '13:00:00', '18:00:00', 5.00, 0.00, '출근', '파트타임'),

-- ── 4/4 (금) ──
(1,  '2025-04-04', '08:50:00', '18:00:00', 8.00, 0.00, '출근', NULL),
(2,  '2025-04-04', '08:45:00', '18:00:00', 8.00, 0.00, '출근', NULL),
(3,  '2025-04-04', '08:55:00', '18:00:00', 8.00, 0.00, '출근', NULL),
(4,  '2025-04-04', '09:00:00', '18:00:00', 8.00, 0.00, '출근', NULL),
(5,  '2025-04-04', '08:50:00', '18:00:00', 8.00, 0.00, '출근', NULL),
(6,  '2025-04-04', '09:00:00', '18:00:00', 8.00, 0.00, '출근', NULL),
(7,  '2025-04-04', '08:45:00', '18:00:00', 8.00, 0.00, '출근', NULL),
(8,  '2025-04-04', '08:50:00', '18:00:00', 8.00, 0.00, '출근', NULL),
(9,  '2025-04-04', '09:00:00', '18:00:00', 8.00, 0.00, '출근', NULL),
(10, '2025-04-04', '08:55:00', '18:00:00', 8.00, 0.00, '출근', NULL),
(11, '2025-04-04', '09:00:00', '18:00:00', 8.00, 0.00, '출근', NULL),
(12, '2025-04-04', '08:40:00', '18:00:00', 8.00, 0.00, '출근', NULL),
(13, '2025-04-04', '13:00:00', '18:00:00', 5.00, 0.00, '출근', '파트타임'),

-- ── 4/7 (월) ──
(1,  '2025-04-07', '08:50:00', '18:00:00', 8.00, 0.00, '출근', NULL),
(2,  '2025-04-07', '08:40:00', '18:00:00', 8.00, 0.00, '출근', NULL),
(3,  '2025-04-07', '08:55:00', '18:00:00', 8.00, 0.00, '출근', NULL),
(4,  '2025-04-07', '09:00:00', '18:00:00', 8.00, 0.00, '출근', NULL),
(5,  '2025-04-07', '08:50:00', '18:00:00', 8.00, 0.00, '출근', NULL),
(6,  '2025-04-07', '09:00:00', '18:00:00', 8.00, 0.00, '출근', NULL),
(7,  '2025-04-07', '08:30:00', '18:00:00', 8.00, 0.00, '출근', NULL),
(8,  '2025-04-07', '08:55:00', '18:00:00', 8.00, 0.00, '출근', NULL),
(9,  '2025-04-07', '09:00:00', '18:00:00', 8.00, 0.00, '출근', NULL),
(10, '2025-04-07', '08:55:00', '18:00:00', 8.00, 0.00, '출근', NULL),
(11, '2025-04-07', '09:00:00', '18:00:00', 8.00, 0.00, '출근', NULL),
(12, '2025-04-07', '08:40:00', '18:00:00', 8.00, 0.00, '출근', NULL),
(13, '2025-04-07', '13:00:00', '18:00:00', 5.00, 0.00, '출근', '파트타임'),

-- ── 4/8 (화) ──
(1,  '2025-04-08', '08:50:00', '18:00:00', 8.00, 0.00, '출근', NULL),
(2,  '2025-04-08', '08:45:00', '18:00:00', 8.00, 0.00, '출근', NULL),
(3,  '2025-04-08', '08:55:00', '18:00:00', 8.00, 0.00, '출근', NULL),
(4,  '2025-04-08', '09:00:00', '18:00:00', 8.00, 0.00, '출근', NULL),
(5,  '2025-04-08', '08:50:00', '18:00:00', 8.00, 0.00, '출근', NULL),
(6,  '2025-04-08', '09:00:00', '18:00:00', 8.00, 0.00, '출근', NULL),
(7,  '2025-04-08', '08:30:00', '18:00:00', 8.00, 0.00, '출근', NULL),
(8,  '2025-04-08', '08:55:00', '18:00:00', 8.00, 0.00, '출근', NULL),
(9,  '2025-04-08', '09:00:00', '18:00:00', 8.00, 0.00, '출근', NULL),
(10, '2025-04-08', '08:55:00', '18:00:00', 8.00, 0.00, '출근', NULL),
(11, '2025-04-08', '09:00:00', '18:00:00', 8.00, 0.00, '출근', NULL),
(12, '2025-04-08', '08:40:00', '18:00:00', 8.00, 0.00, '출근', NULL),
(13, '2025-04-08', '13:00:00', '18:00:00', 5.00, 0.00, '출근', '파트타임');


-- =============================================
-- 8. 근태 보정 로그 (att_log)
-- =============================================
INSERT INTO att_log
    (emp_id, work_date, actor_id, action, old_check_in, new_check_in, old_check_out, new_check_out, old_status, new_status, note)
VALUES
(4, '2025-04-01', 9, '상태변경', '09:10:00', '09:10:00', '18:30:00', '18:30:00', '지각', '지각', 'HR 확인: 교통체증 사유서 접수'),
(5, '2025-04-02', 9, '상태변경', NULL, NULL, NULL, NULL, '결근', '결근', 'HR 확인: 무단결근 경고 발송');


-- =============================================
-- 9. 근태 마감 (attendance_close)
-- =============================================
INSERT INTO attendance_close (year, month, is_closed, closed_by, closed_at)
VALUES
(2025, 1, TRUE,  9, '2025-02-05 10:00:00'),
(2025, 2, TRUE,  9, '2025-03-05 10:00:00'),
(2025, 3, TRUE,  9, '2025-04-03 10:00:00'),
(2025, 4, FALSE, NULL, NULL);  -- 4월은 아직 미마감


-- =============================================
-- 10. 급여 명세 (salary) — 2025년 1~3월 (재직자 기준)
--     emp_id=1 (부장), emp_id=5 (사원) 대표 샘플
--     나머지는 emp_id=3, 4로 추가
-- =============================================
INSERT INTO salary
    (emp_id, salary_year, salary_month,
     base_salary, meal_allowance, transport_allowance, position_allowance,
     overtime_pay, other_allowance, gross_salary,
     national_pension, health_insurance, long_term_care, employment_insurance,
     unpaid_leave_days, unpaid_deduction,
     income_tax, local_income_tax, total_deduction, net_salary,
     pay_date, status)
VALUES
-- ── 김대표 (emp_id=1) 1~3월 ──
(1, 2025, 1,
 5500000, 200000, 200000, 500000,
 0, 0, 6400000,
 288000, 226880, 29391, 57600,
 0, 0,
 350000, 35000, 986871, 5413129,
 '2025-01-25', '완료'),

(1, 2025, 2,
 5500000, 200000, 200000, 500000,
 0, 0, 6400000,
 288000, 226880, 29391, 57600,
 0, 0,
 350000, 35000, 986871, 5413129,
 '2025-02-25', '완료'),

(1, 2025, 3,
 5500000, 200000, 200000, 500000,
 0, 0, 6400000,
 288000, 226880, 29391, 57600,
 0, 0,
 350000, 35000, 986871, 5413129,
 '2025-03-25', '완료'),

-- ── 정사원 (emp_id=5) 1~3월 ──
(5, 2025, 1,
 2900000, 150000, 100000, 0,
 0, 0, 3150000,
 141750, 111672, 14462, 28350,
 0, 0,
 55000, 5500, 356734, 2793266,
 '2025-01-25', '완료'),

(5, 2025, 2,
 2900000, 150000, 100000, 0,
 0, 0, 3150000,
 141750, 111672, 14462, 28350,
 0, 0,
 55000, 5500, 356734, 2793266,
 '2025-02-25', '완료'),

(5, 2025, 3,
 2900000, 150000, 100000, 0,
 112500, 0, 3262500,
 141750, 111672, 14462, 28350,
 0, 0,
 60000, 6000, 362234, 2900266,
 '2025-03-25', '완료'),

-- ── 이과장 (emp_id=3) 1~3월 ──
(3, 2025, 1,
 4000000, 200000, 150000, 200000,
 0, 0, 4550000,
 204750, 161222, 20878, 40950,
 0, 0,
 180000, 18000, 625800, 3924200,
 '2025-01-25', '완료'),

(3, 2025, 2,
 4000000, 200000, 150000, 200000,
 0, 0, 4550000,
 204750, 161222, 20878, 40950,
 0, 0,
 180000, 18000, 625800, 3924200,
 '2025-02-25', '완료'),

(3, 2025, 3,
 4000000, 200000, 150000, 200000,
 75000, 0, 4625000,
 204750, 161222, 20878, 40950,
 0, 0,
 185000, 18500, 631300, 3993700,
 '2025-03-25', '완료'),

-- ── 최대리 (emp_id=4) 3월 (초과근무 포함) ──
(4, 2025, 3,
 3400000, 170000, 100000, 0,
 150000, 0, 3820000,
 171900, 135379, 17532, 34380,
 0, 0,
 95000, 9500, 463691, 3356309,
 '2025-03-25', '완료');


-- =============================================
-- 11. 인사 평가 (evaluation) — 2024년 하반기
-- =============================================
INSERT INTO evaluation
    (emp_id, eval_year, eval_period, eval_type, total_score, grade,
     eval_comment, eval_status, evaluator_id, confirmed_at)
VALUES
(3,  2024, '하반기', '상위평가', 88.50, 'A', '프로젝트 리더십 우수, 팀원 관리 탁월',       '최종확정', 2, '2025-01-15 10:00:00'),
(4,  2024, '하반기', '상위평가', 75.00, 'B', '안정적 업무 수행, 신기술 학습 필요',          '최종확정', 3, '2025-01-15 10:30:00'),
(5,  2024, '하반기', '상위평가', 92.00, 'S', '신입으로서 빠른 적응, 자발적 학습 태도 인상적', '최종확정', 3, '2025-01-15 11:00:00'),
(7,  2024, '하반기', '상위평가', 82.00, 'B', '서버 운영 안정화 기여, 문서화 보완 필요',      '최종확정', 2, '2025-01-15 11:30:00'),
(9,  2024, '하반기', '상위평가', 85.00, 'A', '인사 프로세스 개선 주도',                    '최종확정', 8, '2025-01-16 09:00:00'),
(12, 2024, '하반기', '상위평가', 65.00, 'C', '영업 실적 목표 미달, 신규 거래처 개척 부진',    '최종확정', 8, '2025-01-16 09:30:00'),

-- 2025 상반기 (작성 중)
(3,  2025, '상반기', '자기평가', 85.00, NULL, '1분기 프로젝트 성공적 납품',                  '작성중', NULL, NULL),
(5,  2025, '상반기', '자기평가', 90.00, NULL, 'API 모듈 독립 개발 완료',                     '작성중', NULL, NULL);


-- =============================================
-- 12. 평가 항목 점수 (evaluation_item)
-- =============================================
INSERT INTO evaluation_item (eval_id, item_name, score, max_score)
VALUES
-- eval_id=1 (이과장, 88.5)
(1, '업무성과',  90.00, 100.00),
(1, '직무역량',  85.00, 100.00),
(1, '조직기여도', 88.00, 100.00),
(1, '리더십',    91.00, 100.00),

-- eval_id=2 (최대리, 75.0)
(2, '업무성과',  78.00, 100.00),
(2, '직무역량',  70.00, 100.00),
(2, '조직기여도', 75.00, 100.00),
(2, '리더십',    77.00, 100.00),

-- eval_id=3 (정사원, 92.0)
(3, '업무성과',  95.00, 100.00),
(3, '직무역량',  90.00, 100.00),
(3, '조직기여도', 88.00, 100.00),
(3, '리더십',    95.00, 100.00),

-- eval_id=4 (강차장, 82.0)
(4, '업무성과',  85.00, 100.00),
(4, '직무역량',  80.00, 100.00),
(4, '조직기여도', 82.00, 100.00),
(4, '리더십',    81.00, 100.00),

-- eval_id=5 (서과장, 85.0)
(5, '업무성과',  87.00, 100.00),
(5, '직무역량',  83.00, 100.00),
(5, '조직기여도', 86.00, 100.00),
(5, '리더십',    84.00, 100.00),

-- eval_id=6 (오차장, 65.0)
(6, '업무성과',  60.00, 100.00),
(6, '직무역량',  68.00, 100.00),
(6, '조직기여도', 65.00, 100.00),
(6, '리더십',    67.00, 100.00);


-- =============================================
-- 13. 휴직/복직 신청 (leave_of_absence_request)
-- =============================================
INSERT INTO leave_of_absence_request
    (emp_id, leave_type, start_date, end_date, reason, status,
     dept_manager_id, dept_approved_at, hr_manager_id, hr_approved_at,
     president_id, president_approved_at, reject_reason, is_applied)
VALUES
-- 문대리 육아휴직 (최종승인 완료, 적용됨)
(14, '휴직', '2025-01-02', '2025-12-31', '육아휴직 (첫째)',
 '최종승인', 3, '2024-12-20 10:00:00', 9, '2024-12-21 11:00:00',
 1, '2024-12-22 09:00:00', NULL, 1),

-- 한사원 휴직 신청 (부서장 승인 대기)
(6, '휴직', '2025-06-01', '2025-08-31', '개인 건강 사유',
 '대기', NULL, NULL, NULL, NULL,
 NULL, NULL, NULL, 0);


-- =============================================
-- 14. 퇴직 신청 (resign_request)
-- =============================================
INSERT INTO resign_request
    (emp_id, resign_date, reason, status,
     dept_manager_id, dept_approved_at, hr_manager_id, hr_approved_at,
     president_id, president_approved_at, reject_reason, is_applied)
VALUES
-- 권사원 퇴직 (최종승인, 적용 완료)
(15, '2025-02-28', '개인 사유 (이직)',
 '최종승인', 7, '2025-01-20 10:00:00', 9, '2025-01-21 14:00:00',
 1, '2025-01-22 09:00:00', NULL, 1);


-- =============================================
-- 15. 알림 (notification)
-- =============================================
INSERT INTO notification
    (emp_id, noti_type, ref_table, ref_id, message, is_read, read_at)
VALUES
(3,  'LEAVE_APPROVED',    'leave_request',    1, '휴가 신청이 승인되었습니다. (2/10~2/11)', 1, '2025-02-07 10:05:00'),
(3,  'LEAVE_APPROVED',    'leave_request',    2, '휴가 신청이 승인되었습니다. (3/14)',       1, '2025-03-12 14:10:00'),
(5,  'LEAVE_REJECTED',    'leave_request',    7, '휴가 신청이 반려되었습니다. 사유: 프로젝트 마감 기간', 1, '2025-04-03 15:30:00'),
(4,  'OT_APPROVED',       'overtime_request', 2, '초과근무 신청이 승인되었습니다. (3/15)',    1, '2025-03-14 16:10:00'),
(5,  'OT_APPROVED',       'overtime_request', 1, '초과근무 신청이 승인되었습니다. (3/10)',    1, '2025-03-10 17:35:00'),
(6,  'OT_REJECTED',       'overtime_request', 5, '초과근무 신청이 반려되었습니다.',           0, NULL),
(3,  'OT_PENDING',        'overtime_request', 6, '정사원의 초과근무 신청이 대기 중입니다.',    0, NULL),
(9,  'EVAL_SUBMITTED',    'evaluation',       7, '이과장이 자기평가를 제출했습니다.',          0, NULL),
(14, 'LOA_APPROVED',      'leave_of_absence_request', 1, '휴직 신청이 최종 승인되었습니다.', 1, '2024-12-22 09:05:00'),
(15, 'RESIGN_APPROVED',   'resign_request',   1, '퇴직 신청이 최종 승인되었습니다.',         1, '2025-01-22 09:10:00'),
-- 미읽은 알림들
(4,  'LEAVE_PENDING',     'leave_request',    8, '휴가 신청이 접수되었습니다. 승인 대기 중입니다.', 0, NULL),
(11, 'LEAVE_PENDING',     'leave_request',    9, '휴가 신청이 접수되었습니다. 승인 대기 중입니다.', 0, NULL);


-- =============================================
-- 16. 감사 로그 (audit_log)
-- =============================================
INSERT INTO audit_log
    (actor_id, target_table, target_id, action, column_name, old_value, new_value)
VALUES
-- 직원 상태 변경
(9,   'employee', 14, 'UPDATE', 'status',      '재직', '휴직'),
(9,   'employee', 15, 'UPDATE', 'status',      '재직', '퇴직'),
(9,   'employee', 15, 'UPDATE', 'resign_date', NULL,   '2025-02-28'),
-- 계정 비활성화
(9,   'account',  15, 'UPDATE', 'is_active',   '1',    '0'),
-- 연차 사용
(NULL, 'annual_leave', 3, 'UPDATE', 'used_days',   '4.0', '5.0'),
(NULL, 'annual_leave', 3, 'UPDATE', 'remain_days', '13.0', '12.0'),
-- 급여 확정
(9,   'salary',   1,  'UPDATE', 'status', '대기', '완료'),
(9,   'salary',   2,  'UPDATE', 'status', '대기', '완료'),
(9,   'salary',   3,  'UPDATE', 'status', '대기', '완료'),
-- 계정 역할 변경
(2,   'account',  9,  'UPDATE', 'role', '일반', 'HR담당자');